Plot_Number,Location,Size (sqm),Price (RWF),Zoning,Nearby Amenities,Distance to City Center (km),Land Type,Price per sqm (RWF)
Plot_1,Huye,351,6823440,Commercial,"School, Market",5,Residential,19440.0
Plot_2,Ngoma,478,6711120,Commercial,"Hospital, University",7,Residential,14040.0
Plot_3,Tumba,1334,27373680,Commercial,"Market, University",1,Residential,20520.0
Plot_4,Rukira,869,5474700,Residential,"School, Hospital",13,Agricultural,6300.0
Plot_5,Huye,740,11988000,Agricultural,"School, Hospital",2,Residential,16200.0
Plot_6,Ngoma,1536,7741440,Agricultural,"School, Market",13,Commercial,5040.0
Plot_7,Tumba,461,4978800,Commercial,"School, Market",5,Commercial,10800.0
Plot_8,Rukira,1654,15630300,Residential,"School, Market",13,Residential,9450.0
Plot_9,Huye,869,3910500,Agricultural,"School, Hospital",11,Agricultural,4500.0
Plot_10,Ngoma,1672,9630720,Agricultural,"Hospital, University",12,Commercial,5760.0
Plot_11,Tumba,1246,16821000,Agricultural,"Hospital, University",5,Residential,13500.0
Plot_12,Rukira,1948,22791600,Agricultural,"Market, University",7,Residential,11700.0
Plot_13,Huye,735,7938000,Commercial,"School, Hospital",8,Residential,10800.0
Plot_14,Ngoma,805,6375600,Commercial,"Market, University",9,Commercial,7920.0
Plot_15,Tumba,749,9268875,Residential,"School, Market",9,Residential,12375.0
Plot_16,Rukira,1585,8321250,Residential,"Market, University",13,Agricultural,5250.0
Plot_17,Huye,1258,16303680,Commercial,"Market, University",5,Commercial,12960.0
Plot_18,Ngoma,1874,18889920,Commercial,"Hospital, University",6,Agricultural,10080.0
Plot_19,Tumba,306,1101600,Commercial,"School, Market",15,Commercial,3600.0
Plot_20,Rukira,1608,11577600,Commercial,"Hospital, University",10,Agricultural,7200.0
Plot_21,Huye,1894,6818400,Commercial,"School, Market",15,Agricultural,3600.0
Plot_22,Ngoma,1043,14418432,Agricultural,"School, Market",4,Commercial,13824.0
Plot_23,Tumba,1798,11651040,Agricultural,"Market, University",14,Residential,6480.0
Plot_24,Rukira,638,4210800,Agricultural,"Hospital, University",9,Commercial,6600.0
Plot_25,Huye,1117,7238160,Commercial,"Market, University",11,Commercial,6480.0
Plot_26,Ngoma,807,15688080,Residential,"Market, University",2,Commercial,19440.0
Plot_27,Tumba,1505,38603250,Residential,"School, Market",1,Residential,25650.0
Plot_28,Rukira,976,13913856,Residential,"Market, University",9,Commercial,14256.0
Plot_29,Huye,1404,8424000,Residential,"Market, University",12,Agricultural,6000.0
Plot_30,Ngoma,493,3327750,Residential,"Market, University",11,Agricultural,6750.0
Plot_31,Tumba,1793,14523300,Residential,"School, Hospital",11,Agricultural,8100.0
Plot_32,Rukira,809,11649600,Residential,"Hospital, University",4,Agricultural,14400.0
Plot_33,Huye,1247,8080560,Residential,"School, Market",14,Commercial,6480.0
Plot_34,Ngoma,1635,12713760,Commercial,"Hospital, University",14,Residential,7776.0
Plot_35,Tumba,1294,15528000,Agricultural,"Market, University",4,Residential,12000.0
Plot_36,Rukira,1099,3297000,Agricultural,"Market, University",15,Agricultural,3000.0
Plot_37,Huye,617,9995400,Residential,"Market, University",5,Commercial,16200.0
Plot_38,Ngoma,1831,30057696,Agricultural,"Market, University",1,Commercial,16416.0
Plot_39,Tumba,416,6469632,Commercial,"School, Market",2,Commercial,15552.0
Plot_40,Rukira,1126,6080400,Residential,"School, Market",15,Commercial,5400.0
Plot_41,Huye,1646,14814000,Commercial,"School, Hospital",10,Residential,9000.0
Plot_42,Ngoma,843,7165500,Agricultural,"School, Market",3,Agricultural,8500.0
Plot_43,Tumba,1238,12835584,Commercial,"Hospital, University",10,Commercial,10368.0
Plot_44,Rukira,843,4741875,Residential,"School, Hospital",15,Residential,5625.0
Plot_45,Huye,623,2242800,Agricultural,"Market, University",14,Commercial,3600.0
Plot_46,Ngoma,1658,11191500,Residential,"School, Market",15,Residential,6750.0
Plot_47,Tumba,618,8343000,Agricultural,"School, Hospital",5,Residential,13500.0
Plot_48,Rukira,1300,4680000,Agricultural,"Market, University",15,Commercial,3600.0
Plot_49,Huye,390,7371000,Residential,"Market, University",6,Residential,18900.0
Plot_50,Ngoma,1745,17275500,Agricultural,"Hospital, University",9,Residential,9900.0
Plot_51,Tumba,373,3357000,Agricultural,"School, Market",10,Residential,9000.0
Plot_52,Rukira,1046,4707000,Residential,"Hospital, University",15,Commercial,4500.0
Plot_53,Huye,1024,5529600,Commercial,"Hospital, University",15,Residential,5400.0
Plot_54,Ngoma,1144,17503200,Residential,"Hospital, University",3,Commercial,15300.0
Plot_55,Tumba,626,6760800,Commercial,"Hospital, University",2,Agricultural,10800.0
Plot_56,Rukira,1972,20706000,Agricultural,"School, Market",6,Residential,10500.0
Plot_57,Huye,1116,10044000,Agricultural,"Market, University",5,Agricultural,9000.0
Plot_58,Ngoma,1691,17045280,Commercial,"Hospital, University",6,Agricultural,10080.0
Plot_59,Tumba,843,13656600,Residential,"School, Hospital",2,Commercial,16200.0
Plot_60,Rukira,1541,16642800,Commercial,"School, Market",2,Agricultural,10800.0
Plot_61,Huye,303,1090800,Commercial,"School, Market",15,Agricultural,3600.0
Plot_62,Ngoma,1576,10212480,Agricultural,"School, Hospital",11,Commercial,6480.0
Plot_63,Tumba,968,5808000,Agricultural,"Market, University",12,Residential,6000.0
Plot_64,Rukira,1687,6073200,Commercial,"Market, University",15,Agricultural,3600.0
Plot_65,Huye,922,8851200,Agricultural,"Market, University",4,Agricultural,9600.0
Plot_66,Ngoma,1683,16661700,Residential,"School, Market",9,Commercial,9900.0
Plot_67,Tumba,1355,10975500,Commercial,"School, Hospital",11,Residential,8100.0
Plot_68,Rukira,1951,44775450,Residential,"Market, University",3,Residential,22950.0
Plot_69,Huye,1873,20228400,Residential,"Market, University",8,Commercial,10800.0
Plot_70,Ngoma,1118,17105400,Residential,"Hospital, University",3,Agricultural,15300.0
Plot_71,Tumba,1946,15412320,Commercial,"Hospital, University",9,Commercial,7920.0
Plot_72,Rukira,1234,7774200,Residential,"Market, University",13,Agricultural,6300.0
Plot_73,Huye,1173,10134720,Commercial,"School, Hospital",8,Agricultural,8640.0
Plot_74,Ngoma,1605,5617500,Agricultural,"Market, University",13,Agricultural,3500.0
Plot_75,Tumba,1761,16905600,Agricultural,"Market, University",4,Agricultural,9600.0
Plot_76,Rukira,583,10074240,Residential,"Hospital, University",4,Commercial,17280.0
Plot_77,Huye,1149,14477400,Agricultural,"Hospital, University",6,Residential,12600.0
Plot_78,Ngoma,1097,6318720,Commercial,"School, Market",12,Agricultural,5760.0
Plot_79,Tumba,911,2733000,Agricultural,"Hospital, University",14,Agricultural,3000.0
Plot_80,Rukira,1192,13588800,Agricultural,"Market, University",1,Commercial,11400.0
Plot_81,Huye,1257,13575600,Residential,"Market, University",10,Commercial,10800.0
Plot_82,Ngoma,471,7935408,Commercial,"School, Market",7,Residential,16848.0
Plot_83,Tumba,1076,8608000,Agricultural,"Market, University",4,Agricultural,8000.0
Plot_84,Rukira,1840,24840000,Agricultural,"Market, University",5,Residential,13500.0
Plot_85,Huye,1016,14813280,Residential,"Hospital, University",11,Residential,14580.0
Plot_86,Ngoma,341,4173840,Commercial,"School, Market",3,Agricultural,12240.0
Plot_87,Tumba,746,4476000,Agricultural,"Market, University",12,Residential,6000.0
Plot_88,Rukira,1831,35594640,Commercial,"Market, University",2,Residential,19440.0
Plot_89,Huye,938,7293888,Commercial,"Hospital, University",11,Commercial,7776.0
Plot_90,Ngoma,1512,9405850,Commercial,"School, Hospital",14,Commercial,6220.8
Plot_91,Tumba,1949,14734440,Residential,"Market, University",13,Commercial,7560.0
Plot_92,Rukira,441,2381400,Commercial,"Market, University",11,Agricultural,5400.0
Plot_93,Huye,1187,6409800,Agricultural,"Hospital, University",11,Agricultural,5400.0
Plot_94,Ngoma,1632,8160000,Agricultural,"Market, University",10,Agricultural,5000.0
Plot_95,Tumba,960,5184000,Residential,"Hospital, University",14,Agricultural,5400.0
Plot_96,Rukira,1467,11882700,Commercial,"Market, University",11,Residential,8100.0
Plot_97,Huye,672,5376000,Agricultural,"School, Hospital",4,Agricultural,8000.0
Plot_98,Ngoma,1736,17186400,Agricultural,"Hospital, University",9,Residential,9900.0
Plot_99,Tumba,1300,7862400,Commercial,"Market, University",13,Commercial,6048.0
Plot_100,Rukira,1923,25960500,Residential,"Hospital, University",2,Agricultural,13500.0
Plot_101,Huye,1659,13935600,Commercial,"Market, University",6,Agricultural,8400.0
Plot_102,Ngoma,1020,7344000,Commercial,"Hospital, University",8,Agricultural,7200.0
Plot_103,Tumba,1777,40302360,Residential,"Hospital, University",6,Residential,22680.0
Plot_104,Rukira,866,7794000,Commercial,"School, Hospital",10,Residential,9000.0
Plot_105,Huye,1039,14026500,Residential,"School, Market",5,Agricultural,13500.0
Plot_106,Ngoma,1433,12381120,Agricultural,"School, Market",12,Residential,8640.0
Plot_107,Tumba,882,7938000,Agricultural,"School, Market",8,Residential,9000.0
Plot_108,Rukira,1278,6901200,Residential,"School, Market",14,Agricultural,5400.0
Plot_109,Huye,1589,26085024,Commercial,"School, Hospital",1,Commercial,16416.0
Plot_110,Ngoma,808,9599040,Residential,"Market, University",9,Commercial,11880.0
Plot_111,Tumba,1206,4341600,Agricultural,"Market, University",14,Commercial,3600.0
Plot_112,Rukira,1548,24074496,Commercial,"School, Market",2,Agricultural,15552.0
Plot_113,Huye,791,11746350,Residential,"Market, University",9,Residential,14850.0
Plot_114,Ngoma,1711,18478800,Commercial,"School, Hospital",8,Residential,10800.0
Plot_115,Tumba,1739,22537440,Agricultural,"Market, University",2,Commercial,12960.0
Plot_116,Rukira,1170,11583000,Residential,"Hospital, University",9,Agricultural,9900.0
Plot_117,Huye,422,2658600,Residential,"School, Market",13,Agricultural,6300.0
Plot_118,Ngoma,1710,8208000,Agricultural,"Market, University",12,Commercial,4800.0
Plot_119,Tumba,1196,12916800,Residential,"School, Hospital",10,Commercial,10800.0
Plot_120,Rukira,812,15785280,Residential,"School, Hospital",2,Commercial,19440.0
Plot_121,Huye,382,5157000,Residential,"Market, University",8,Residential,13500.0
Plot_122,Ngoma,1600,14400000,Agricultural,"School, Hospital",2,Agricultural,9000.0
Plot_123,Tumba,1672,9028800,Residential,"Market, University",14,Agricultural,5400.0
Plot_124,Rukira,1656,8942400,Agricultural,"School, Hospital",14,Residential,5400.0
Plot_125,Huye,962,6060600,Residential,"Market, University",13,Commercial,6300.0
Plot_126,Ngoma,1146,16502400,Residential,"Market, University",4,Commercial,14400.0
Plot_127,Tumba,716,5670720,Agricultural,"Market, University",9,Agricultural,7920.0
Plot_128,Rukira,359,3101760,Commercial,"Market, University",10,Agricultural,8640.0
Plot_129,Huye,1431,18545760,Agricultural,"School, Market",2,Agricultural,12960.0
Plot_130,Ngoma,1320,11880000,Commercial,"Market, University",5,Agricultural,9000.0
Plot_131,Tumba,1235,15116400,Commercial,"Market, University",3,Commercial,12240.0
Plot_132,Rukira,442,1856400,Agricultural,"School, Hospital",13,Commercial,4200.0
Plot_133,Huye,879,9493200,Commercial,"Market, University",5,Agricultural,10800.0
Plot_134,Ngoma,1006,5533000,Agricultural,"Hospital, University",9,Agricultural,5500.0
Plot_135,Tumba,1471,11768000,Agricultural,"Market, University",4,Agricultural,8000.0
Plot_136,Rukira,1090,8240400,Commercial,"Hospital, University",13,Residential,7560.0
Plot_137,Huye,1508,8143200,Agricultural,"Market, University",14,Residential,5400.0
Plot_138,Ngoma,331,5064300,Commercial,"Market, University",3,Residential,15300.0
Plot_139,Tumba,993,4766400,Commercial,"Market, University",12,Agricultural,4800.0
Plot_140,Rukira,948,5460480,Commercial,"School, Market",12,Commercial,5760.0
Plot_141,Huye,1592,5731200,Commercial,"School, Market",15,Commercial,3600.0
Plot_142,Ngoma,501,4328640,Commercial,"School, Hospital",12,Residential,8640.0
Plot_143,Tumba,394,1985760,Agricultural,"School, Hospital",13,Agricultural,5040.0
Plot_144,Rukira,598,7400250,Residential,"Hospital, University",9,Residential,12375.0
Plot_145,Huye,1548,13374720,Agricultural,"Hospital, University",10,Commercial,8640.0
Plot_146,Ngoma,1244,13435200,Commercial,"School, Market",5,Commercial,10800.0
Plot_147,Tumba,889,7040880,Commercial,"School, Hospital",9,Agricultural,7920.0
Plot_148,Rukira,912,7113600,Commercial,"Hospital, University",7,Agricultural,7800.0
Plot_149,Huye,1289,18561600,Residential,"School, Hospital",4,Commercial,14400.0
Plot_150,Ngoma,344,3219840,Commercial,"School, Market",7,Commercial,9360.0
Plot_151,Tumba,1826,6573600,Agricultural,"School, Hospital",14,Commercial,3600.0
Plot_152,Rukira,1603,14427000,Residential,"School, Market",10,Commercial,9000.0
Plot_153,Huye,932,15937200,Agricultural,"School, Hospital",1,Residential,17100.0
Plot_154,Ngoma,1830,22399200,Agricultural,"School, Hospital",3,Commercial,12240.0
Plot_155,Tumba,1327,4777200,Agricultural,"School, Hospital",14,Agricultural,3600.0
Plot_156,Rukira,1947,31541400,Residential,"Market, University",8,Residential,16200.0
Plot_157,Huye,1049,5507250,Residential,"Market, University",13,Agricultural,5250.0
Plot_158,Ngoma,1231,7976880,Agricultural,"School, Hospital",11,Commercial,6480.0
Plot_159,Tumba,1682,26158464,Residential,"Hospital, University",8,Commercial,15552.0
Plot_160,Rukira,1601,7204500,Agricultural,"Hospital, University",15,Residential,4500.0
Plot_161,Huye,376,4872960,Agricultural,"Market, University",8,Residential,12960.0
Plot_162,Ngoma,1095,7665000,Agricultural,"School, Market",6,Agricultural,7000.0
Plot_163,Tumba,1560,21060000,Agricultural,"Market, University",5,Residential,13500.0
Plot_164,Rukira,783,10570500,Agricultural,"Market, University",2,Residential,13500.0
Plot_165,Huye,688,3715200,Residential,"Hospital, University",14,Commercial,5400.0
Plot_166,Ngoma,343,2701125,Residential,"Market, University",13,Residential,7875.0
Plot_167,Tumba,440,5068800,Commercial,"Hospital, University",4,Agricultural,11520.0
Plot_168,Rukira,305,1317600,Agricultural,"School, Hospital",14,Commercial,4320.0
Plot_169,Huye,525,3402000,Commercial,"School, Hospital",14,Residential,6480.0
Plot_170,Ngoma,1505,25735500,Agricultural,"Hospital, University",1,Residential,17100.0
Plot_171,Tumba,1377,9914400,Residential,"School, Hospital",12,Agricultural,7200.0
Plot_172,Rukira,1515,19634400,Residential,"Market, University",8,Commercial,12960.0
Plot_173,Huye,1238,16935840,Commercial,"Market, University",1,Agricultural,13680.0
Plot_174,Ngoma,1304,7041600,Commercial,"School, Hospital",15,Residential,5400.0
Plot_175,Tumba,603,7688250,Residential,"Market, University",3,Agricultural,12750.0
Plot_176,Rukira,903,5959800,Agricultural,"School, Market",9,Commercial,6600.0
Plot_177,Huye,1776,17316000,Residential,"School, Hospital",7,Agricultural,9750.0
Plot_178,Ngoma,1116,5356800,Agricultural,"School, Hospital",12,Agricultural,4800.0
Plot_179,Tumba,1066,10793250,Residential,"School, Market",11,Residential,10125.0
Plot_180,Rukira,1184,10229760,Residential,"School, Market",12,Commercial,8640.0
Plot_181,Huye,1450,14616000,Commercial,"Market, University",6,Agricultural,10080.0
Plot_182,Ngoma,889,11521440,Commercial,"Market, University",5,Commercial,12960.0
Plot_183,Tumba,616,5322240,Commercial,"Market, University",8,Agricultural,8640.0
Plot_184,Rukira,535,3852000,Agricultural,"Market, University",10,Commercial,7200.0
Plot_185,Huye,1682,19982160,Commercial,"Hospital, University",9,Residential,11880.0
Plot_186,Ngoma,1739,6521250,Agricultural,"Hospital, University",15,Residential,3750.0
Plot_187,Tumba,1459,16387488,Commercial,"School, Market",7,Commercial,11232.0
Plot_188,Rukira,1828,21058560,Commercial,"School, Hospital",4,Agricultural,11520.0
Plot_189,Huye,1057,6342000,Agricultural,"Hospital, University",12,Residential,6000.0
Plot_190,Ngoma,1845,25239600,Commercial,"Market, University",1,Agricultural,13680.0
Plot_191,Tumba,1543,12035400,Agricultural,"School, Market",7,Commercial,7800.0
Plot_192,Rukira,1180,19912500,Residential,"Hospital, University",5,Residential,16875.0
Plot_193,Huye,1527,39167550,Residential,"Hospital, University",1,Residential,25650.0
Plot_194,Ngoma,892,11560320,Agricultural,"Market, University",2,Commercial,12960.0
Plot_195,Tumba,564,5583600,Agricultural,"Market, University",9,Residential,9900.0
Plot_196,Rukira,1193,18553536,Residential,"Market, University",8,Commercial,15552.0
Plot_197,Huye,1128,9136800,Commercial,"Market, University",11,Residential,8100.0
Plot_198,Ngoma,965,9119250,Residential,"Market, University",13,Residential,9450.0
Plot_199,Tumba,798,4788000,Agricultural,"School, Hospital",10,Agricultural,6000.0
Plot_200,Rukira,753,3795120,Agricultural,"School, Market",13,Commercial,5040.0
Plot_201,Huye,1344,6048000,Residential,"Hospital, University",15,Commercial,4500.0
Plot_202,Ngoma,510,8262000,Residential,"Hospital, University",5,Commercial,16200.0
Plot_203,Tumba,662,6863616,Commercial,"Market, University",8,Commercial,10368.0
Plot_204,Rukira,961,14530320,Commercial,"Market, University",6,Residential,15120.0
Plot_205,Huye,1593,5575500,Agricultural,"Market, University",13,Agricultural,3500.0
Plot_206,Ngoma,935,8078400,Agricultural,"School, Hospital",8,Agricultural,8640.0
Plot_207,Tumba,1620,17496000,Residential,"Market, University",10,Commercial,10800.0
Plot_208,Rukira,1221,11393395,Commercial,"Market, University",11,Commercial,9331.2
Plot_209,Huye,608,7879680,Residential,"School, Market",8,Commercial,12960.0
Plot_210,Ngoma,1623,27753300,Residential,"Market, University",1,Agricultural,17100.0
Plot_211,Tumba,1548,16254000,Residential,"Market, University",6,Agricultural,10500.0
Plot_212,Rukira,1690,19266000,Commercial,"School, Market",1,Agricultural,11400.0
Plot_213,Huye,1689,12667500,Agricultural,"School, Market",5,Agricultural,7500.0
Plot_214,Ngoma,1659,7465500,Residential,"Market, University",15,Commercial,4500.0
Plot_215,Tumba,1518,19673280,Commercial,"School, Hospital",2,Commercial,12960.0
Plot_216,Rukira,1672,8667648,Commercial,"School, Hospital",14,Commercial,5184.0
Plot_217,Huye,1042,12754080,Agricultural,"Hospital, University",3,Agricultural,12240.0
Plot_218,Ngoma,581,9412200,Residential,"Market, University",2,Commercial,16200.0
Plot_219,Tumba,377,5700240,Commercial,"Hospital, University",6,Residential,15120.0
Plot_220,Rukira,1718,12988080,Commercial,"Market, University",13,Residential,7560.0
Plot_221,Huye,1685,19411200,Commercial,"Market, University",4,Commercial,11520.0
Plot_222,Ngoma,1393,15671250,Residential,"Market, University",5,Agricultural,11250.0
Plot_223,Tumba,1245,6536250,Agricultural,"Hospital, University",13,Residential,5250.0
Plot_224,Rukira,583,6646200,Agricultural,"School, Market",1,Commercial,11400.0
Plot_225,Huye,555,5994000,Agricultural,"Market, University",2,Agricultural,10800.0
Plot_226,Ngoma,1195,5377500,Residential,"School, Market",15,Agricultural,4500.0
Plot_227,Tumba,409,2249500,Agricultural,"School, Market",9,Agricultural,5500.0
Plot_228,Rukira,759,14345100,Residential,"Hospital, University",6,Residential,18900.0
Plot_229,Huye,887,5109120,Agricultural,"Market, University",12,Agricultural,5760.0
Plot_230,Ngoma,462,8981280,Residential,"Market, University",5,Commercial,19440.0
Plot_231,Tumba,1166,6121500,Residential,"School, Market",13,Agricultural,5250.0
Plot_232,Rukira,788,6382800,Agricultural,"Market, University",11,Residential,8100.0
Plot_233,Huye,1397,11315700,Residential,"Market, University",11,Agricultural,8100.0
Plot_234,Ngoma,1559,17959680,Agricultural,"School, Market",4,Commercial,11520.0
Plot_235,Tumba,1038,10276200,Residential,"School, Market",9,Agricultural,9900.0
Plot_236,Rukira,1064,7660800,Agricultural,"School, Hospital",12,Residential,7200.0
Plot_237,Huye,1801,17505720,Commercial,"School, Market",11,Residential,9720.0
Plot_238,Ngoma,1418,6125760,Agricultural,"Market, University",14,Commercial,4320.0
Plot_239,Tumba,1961,26473500,Residential,"Hospital, University",2,Agricultural,13500.0
Plot_240,Rukira,1920,10368000,Residential,"Market, University",15,Agricultural,5400.0
Plot_241,Huye,1969,17012160,Commercial,"Hospital, University",8,Commercial,8640.0
Plot_242,Ngoma,1031,6959250,Residential,"School, Hospital",14,Residential,6750.0
Plot_243,Tumba,1119,12085200,Commercial,"Market, University",8,Residential,10800.0
Plot_244,Rukira,1052,17042400,Commercial,"Market, University",5,Residential,16200.0
Plot_245,Huye,1984,24552000,Residential,"School, Market",9,Residential,12375.0
Plot_246,Ngoma,1653,18596250,Agricultural,"Market, University",5,Residential,11250.0
Plot_247,Tumba,1215,7290000,Residential,"School, Market",12,Agricultural,6000.0
Plot_248,Rukira,1674,23502960,Commercial,"Hospital, University",7,Residential,14040.0
Plot_249,Huye,1688,28864800,Agricultural,"School, Hospital",1,Residential,17100.0
Plot_250,Ngoma,1084,14829120,Commercial,"School, Hospital",1,Agricultural,13680.0
Plot_251,Tumba,1862,16758000,Residential,"School, Hospital",10,Agricultural,9000.0
Plot_252,Rukira,811,16641720,Residential,"Market, University",1,Commercial,20520.0
Plot_253,Huye,541,2840250,Agricultural,"Market, University",13,Residential,5250.0
Plot_254,Ngoma,1721,24782400,Agricultural,"Market, University",4,Residential,14400.0
Plot_255,Tumba,1760,19008000,Agricultural,"School, Market",2,Commercial,10800.0
Plot_256,Rukira,1410,4230000,Agricultural,"Hospital, University",15,Commercial,3000.0
Plot_257,Huye,1341,32586300,Residential,"Market, University",2,Residential,24300.0
Plot_258,Ngoma,1039,8976960,Commercial,"Hospital, University",10,Commercial,8640.0
Plot_259,Tumba,476,6426000,Residential,"Market, University",5,Commercial,13500.0
Plot_260,Rukira,1986,30886272,Commercial,"School, Market",2,Commercial,15552.0
Plot_261,Huye,1254,9931680,Commercial,"Market, University",9,Commercial,7920.0
Plot_262,Ngoma,1872,26282880,Residential,"Hospital, University",7,Commercial,14040.0
Plot_263,Tumba,637,9631440,Residential,"School, Hospital",6,Commercial,15120.0
Plot_264,Rukira,813,7902360,Residential,"School, Hospital",11,Commercial,9720.0
Plot_265,Huye,1392,20671200,Residential,"Market, University",9,Residential,14850.0
Plot_266,Ngoma,991,20335320,Commercial,"Market, University",1,Residential,20520.0
Plot_267,Tumba,1633,8573250,Residential,"Market, University",13,Agricultural,5250.0
Plot_268,Rukira,1614,11620800,Agricultural,"Market, University",8,Agricultural,7200.0
Plot_269,Huye,1710,26163000,Residential,"Market, University",3,Agricultural,15300.0
Plot_270,Ngoma,996,12191040,Commercial,"School, Hospital",3,Commercial,12240.0
Plot_271,Tumba,567,5613300,Agricultural,"Market, University",9,Residential,9900.0
Plot_272,Rukira,847,14636160,Agricultural,"School, Hospital",4,Residential,17280.0
Plot_273,Huye,1560,17971200,Agricultural,"School, Hospital",4,Commercial,11520.0
Plot_274,Ngoma,1862,16758000,Residential,"Market, University",8,Agricultural,9000.0
Plot_275,Tumba,484,4791600,Agricultural,"Market, University",9,Residential,9900.0
Plot_276,Rukira,399,4488750,Residential,"Market, University",5,Agricultural,11250.0
Plot_277,Huye,520,5304000,Agricultural,"School, Hospital",3,Agricultural,10200.0
Plot_278,Ngoma,1120,14515200,Residential,"School, Hospital",10,Commercial,12960.0
Plot_279,Tumba,1091,14139360,Commercial,"School, Market",8,Residential,12960.0
Plot_280,Rukira,1064,8778000,Agricultural,"Market, University",9,Residential,8250.0
Plot_281,Huye,1122,23023440,Commercial,"School, Hospital",1,Residential,20520.0
Plot_282,Ngoma,1363,16683120,Agricultural,"School, Hospital",3,Commercial,12240.0
Plot_283,Tumba,1104,6359040,Commercial,"Market, University",12,Commercial,5760.0
Plot_284,Rukira,1303,11727000,Commercial,"School, Hospital",10,Residential,9000.0
Plot_285,Huye,1679,19644300,Residential,"Market, University",7,Commercial,11700.0
Plot_286,Ngoma,1642,14186880,Commercial,"Market, University",10,Commercial,8640.0
Plot_287,Tumba,1373,7908480,Commercial,"Hospital, University",12,Commercial,5760.0
Plot_288,Rukira,1472,22892544,Commercial,"School, Hospital",2,Agricultural,15552.0
Plot_289,Huye,610,3513600,Agricultural,"Market, University",12,Commercial,5760.0
Plot_290,Ngoma,1806,29647296,Commercial,"School, Hospital",1,Commercial,16416.0
Plot_291,Tumba,1376,13870080,Agricultural,"School, Hospital",6,Commercial,10080.0
Plot_292,Rukira,1025,6457500,Commercial,"Hospital, University",13,Residential,6300.0
Plot_293,Huye,1442,13843200,Agricultural,"Hospital, University",4,Commercial,9600.0
Plot_294,Ngoma,949,9964500,Agricultural,"Market, University",6,Residential,10500.0
Plot_295,Tumba,1077,3231000,Agricultural,"School, Market",14,Agricultural,3000.0
Plot_296,Rukira,1762,22201200,Residential,"Market, University",6,Commercial,12600.0
Plot_297,Huye,713,9625500,Commercial,"Market, University",5,Residential,13500.0
Plot_298,Ngoma,790,20263500,Residential,"School, Market",1,Residential,25650.0
Plot_299,Tumba,976,12648960,Commercial,"Market, University",8,Residential,12960.0
Plot_300,Rukira,1133,4078800,Commercial,"Hospital, University",15,Commercial,3600.0
Plot_301,Huye,957,6201360,Agricultural,"Market, University",11,Commercial,6480.0
Plot_302,Ngoma,1395,8035200,Commercial,"Hospital, University",12,Agricultural,5760.0
Plot_303,Tumba,1113,17028900,Agricultural,"School, Hospital",3,Residential,15300.0
Plot_304,Rukira,1534,5752500,Residential,"Market, University",15,Agricultural,3750.0
Plot_305,Huye,1311,8849250,Residential,"School, Market",14,Residential,6750.0
Plot_306,Ngoma,632,6825600,Commercial,"School, Hospital",8,Residential,10800.0
Plot_307,Tumba,1462,8842176,Commercial,"Market, University",13,Commercial,6048.0
Plot_308,Rukira,1355,18292500,Agricultural,"Hospital, University",2,Residential,13500.0
Plot_309,Huye,962,20562750,Residential,"Market, University",1,Residential,21375.0
Plot_310,Ngoma,975,7020000,Agricultural,"School, Hospital",10,Commercial,7200.0
Plot_311,Tumba,427,6917400,Commercial,"Market, University",2,Residential,16200.0
Plot_312,Rukira,1740,8352000,Agricultural,"Market, University",12,Agricultural,4800.0
Plot_313,Huye,748,9694080,Residential,"Market, University",8,Commercial,12960.0
Plot_314,Ngoma,1151,11394900,Commercial,"Market, University",9,Residential,9900.0
Plot_315,Tumba,1376,10897920,Agricultural,"School, Market",9,Commercial,7920.0
Plot_316,Rukira,1997,12940560,Commercial,"School, Hospital",15,Residential,6480.0
Plot_317,Huye,1204,14628600,Residential,"Market, University",11,Residential,12150.0
Plot_318,Ngoma,1956,21124800,Residential,"Market, University",8,Agricultural,10800.0
Plot_319,Tumba,1444,7797600,Agricultural,"School, Hospital",11,Agricultural,5400.0
Plot_320,Rukira,1827,19731600,Residential,"School, Hospital",10,Agricultural,10800.0
Plot_321,Huye,1408,11404800,Residential,"School, Hospital",15,Residential,8100.0
Plot_322,Ngoma,668,3507000,Residential,"Market, University",13,Agricultural,5250.0
Plot_323,Tumba,1069,12988350,Residential,"Hospital, University",11,Residential,12150.0
Plot_324,Rukira,1104,20269440,Commercial,"School, Hospital",3,Residential,18360.0
Plot_325,Huye,1679,16622100,Commercial,"Hospital, University",9,Residential,9900.0
Plot_326,Ngoma,1008,20412000,Residential,"Market, University",5,Residential,20250.0
Plot_327,Tumba,1868,40348800,Residential,"Market, University",4,Residential,21600.0
Plot_328,Rukira,1214,11328077,Commercial,"School, Market",11,Commercial,9331.2
Plot_329,Huye,1198,17790300,Residential,"Market, University",9,Residential,14850.0
Plot_330,Ngoma,779,7011000,Commercial,"School, Hospital",10,Residential,9000.0
Plot_331,Tumba,1652,15859200,Commercial,"School, Market",4,Agricultural,9600.0
Plot_332,Rukira,1511,6527520,Commercial,"Market, University",15,Commercial,4320.0
Plot_333,Huye,1005,7814880,Commercial,"Market, University",11,Commercial,7776.0
Plot_334,Ngoma,605,7078500,Agricultural,"Hospital, University",7,Residential,11700.0
Plot_335,Tumba,1749,11018700,Residential,"Market, University",13,Commercial,6300.0
Plot_336,Rukira,1441,14698200,Commercial,"Hospital, University",3,Agricultural,10200.0
Plot_337,Huye,1624,9135000,Residential,"Market, University",15,Residential,5625.0
Plot_338,Ngoma,405,4738500,Agricultural,"Market, University",7,Residential,11700.0
Plot_339,Tumba,744,8928000,Agricultural,"Hospital, University",4,Residential,12000.0
Plot_340,Rukira,1818,13089600,Residential,"Market, University",12,Commercial,7200.0
Plot_341,Huye,1112,9174000,Residential,"Market, University",9,Agricultural,8250.0
Plot_342,Ngoma,1628,14652000,Agricultural,"Market, University",5,Commercial,9000.0
Plot_343,Tumba,501,3607200,Commercial,"School, Hospital",8,Agricultural,7200.0
Plot_344,Rukira,393,2546640,Commercial,"School, Hospital",14,Residential,6480.0
Plot_345,Huye,1496,10771200,Commercial,"Hospital, University",12,Residential,7200.0
Plot_346,Ngoma,771,5551200,Agricultural,"School, Hospital",10,Commercial,7200.0
Plot_347,Tumba,1863,11178000,Agricultural,"School, Hospital",12,Residential,6000.0
Plot_348,Rukira,586,4641120,Commercial,"School, Market",9,Commercial,7920.0
Plot_349,Huye,369,1992600,Residential,"Hospital, University",14,Agricultural,5400.0
Plot_350,Ngoma,439,6448032,Commercial,"Market, University",3,Commercial,14688.0
Plot_351,Tumba,423,3426300,Commercial,"School, Market",11,Residential,8100.0
Plot_352,Rukira,1429,19548720,Agricultural,"School, Hospital",1,Commercial,13680.0
Plot_353,Huye,1328,12908160,Commercial,"School, Market",11,Residential,9720.0
Plot_354,Ngoma,604,7248000,Residential,"Market, University",4,Agricultural,12000.0
Plot_355,Tumba,1064,9192960,Agricultural,"School, Market",8,Agricultural,8640.0
Plot_356,Rukira,491,5744700,Agricultural,"School, Market",7,Residential,11700.0
Plot_357,Huye,469,1688400,Agricultural,"School, Market",14,Commercial,3600.0
Plot_358,Ngoma,387,6966000,Residential,"School, Market",4,Residential,18000.0
Plot_359,Tumba,1412,9149760,Commercial,"School, Market",11,Agricultural,6480.0
Plot_360,Rukira,1502,7885500,Residential,"Hospital, University",13,Agricultural,5250.0
Plot_361,Huye,792,2851200,Commercial,"Hospital, University",14,Agricultural,3600.0
Plot_362,Ngoma,1325,16027200,Commercial,"Hospital, University",6,Agricultural,12096.0
Plot_363,Tumba,997,7537320,Commercial,"School, Hospital",13,Residential,7560.0
Plot_364,Rukira,1304,20538000,Residential,"Market, University",6,Residential,15750.0
Plot_365,Huye,475,7695000,Commercial,"School, Hospital",5,Residential,16200.0
Plot_366,Ngoma,1078,5433120,Commercial,"School, Hospital",13,Agricultural,5040.0
Plot_367,Tumba,487,6574500,Residential,"School, Market",5,Agricultural,13500.0
Plot_368,Rukira,478,6990750,Residential,"School, Market",7,Residential,14625.0
Plot_369,Huye,1024,19906560,Commercial,"School, Hospital",2,Residential,19440.0
Plot_370,Ngoma,1094,9452160,Residential,"Market, University",12,Commercial,8640.0
Plot_371,Tumba,584,6570000,Agricultural,"School, Market",5,Residential,11250.0
Plot_372,Rukira,1190,11602500,Agricultural,"School, Hospital",7,Residential,9750.0
Plot_373,Huye,805,4347000,Commercial,"School, Market",11,Agricultural,5400.0
Plot_374,Ngoma,923,8999250,Residential,"Market, University",7,Agricultural,9750.0
Plot_375,Tumba,1181,8503200,Commercial,"Market, University",10,Agricultural,7200.0
Plot_376,Rukira,1281,10888500,Agricultural,"Market, University",3,Agricultural,8500.0
Plot_377,Huye,1901,19960500,Residential,"School, Hospital",6,Agricultural,10500.0
Plot_378,Ngoma,1454,18843840,Residential,"Market, University",10,Commercial,12960.0
Plot_379,Tumba,1197,5171040,Agricultural,"Market, University",14,Commercial,4320.0
Plot_380,Rukira,1597,15331200,Agricultural,"Market, University",4,Commercial,9600.0
Plot_381,Huye,451,2706000,Agricultural,"Market, University",10,Commercial,6000.0
Plot_382,Ngoma,1413,11127375,Residential,"Hospital, University",13,Residential,7875.0
Plot_383,Tumba,640,4608000,Commercial,"Market, University",10,Agricultural,7200.0
Plot_384,Rukira,321,5200200,Residential,"School, Hospital",5,Agricultural,16200.0
Plot_385,Huye,1248,13478400,Commercial,"Market, University",10,Residential,10800.0
Plot_386,Ngoma,905,3909600,Agricultural,"Hospital, University",15,Commercial,4320.0
Plot_387,Tumba,938,6753600,Agricultural,"Market, University",8,Agricultural,7200.0
Plot_388,Rukira,1197,10342080,Commercial,"School, Hospital",12,Residential,8640.0
Plot_389,Huye,1959,36559642,Commercial,"School, Market",2,Commercial,18662.4
Plot_390,Ngoma,1816,17978400,Residential,"Market, University",9,Agricultural,9900.0
Plot_391,Tumba,1246,9812250,Residential,"Market, University",13,Residential,7875.0
Plot_392,Rukira,359,3101760,Commercial,"Market, University",10,Commercial,8640.0
Plot_393,Huye,309,4271616,Commercial,"School, Market",4,Commercial,13824.0
Plot_394,Ngoma,508,7772400,Commercial,"Market, University",3,Residential,15300.0
Plot_395,Tumba,837,4339008,Commercial,"Market, University",14,Commercial,5184.0
Plot_396,Rukira,1103,11912400,Commercial,"Market, University",2,Agricultural,10800.0
Plot_397,Huye,1966,11324160,Commercial,"Hospital, University",12,Commercial,5760.0
Plot_398,Ngoma,541,7303500,Residential,"Hospital, University",5,Agricultural,13500.0
Plot_399,Tumba,1095,6570000,Agricultural,"Hospital, University",10,Agricultural,6000.0
Plot_400,Rukira,1601,9221760,Commercial,"School, Hospital",12,Agricultural,5760.0
Plot_401,Huye,683,2049000,Agricultural,"School, Market",14,Agricultural,3000.0
Plot_402,Ngoma,579,2605500,Residential,"Market, University",14,Agricultural,4500.0
Plot_403,Tumba,1754,15154560,Agricultural,"School, Market",8,Commercial,8640.0
Plot_404,Rukira,898,18184500,Residential,"Market, University",5,Residential,20250.0
Plot_405,Huye,1820,12012000,Agricultural,"Market, University",9,Agricultural,6600.0
Plot_406,Ngoma,1410,7402500,Residential,"School, Market",13,Agricultural,5250.0
Plot_407,Tumba,909,12271500,Residential,"Market, University",8,Residential,13500.0
Plot_408,Rukira,1888,40780800,Residential,"Market, University",4,Residential,21600.0
Plot_409,Huye,1907,12357360,Residential,"School, Hospital",14,Commercial,6480.0
Plot_410,Ngoma,875,8316000,Commercial,"School, Hospital",9,Commercial,9504.0
Plot_411,Tumba,1472,5299200,Agricultural,"School, Market",14,Agricultural,3600.0
Plot_412,Rukira,1643,17744400,Residential,"School, Hospital",12,Residential,10800.0
Plot_413,Huye,1859,17400240,Commercial,"School, Hospital",7,Commercial,9360.0
Plot_414,Ngoma,1068,13841280,Agricultural,"School, Hospital",2,Commercial,12960.0
Plot_415,Tumba,1231,12408480,Agricultural,"Market, University",6,Commercial,10080.0
Plot_416,Rukira,429,6023160,Commercial,"Market, University",7,Residential,14040.0
Plot_417,Huye,961,8072400,Agricultural,"School, Market",6,Agricultural,8400.0
Plot_418,Ngoma,503,3802680,Commercial,"Hospital, University",13,Residential,7560.0
Plot_419,Tumba,1234,17325360,Residential,"School, Hospital",7,Commercial,14040.0
Plot_420,Rukira,861,8717625,Residential,"School, Hospital",11,Residential,10125.0
Plot_421,Huye,406,1827000,Agricultural,"School, Market",11,Agricultural,4500.0
Plot_422,Ngoma,302,4696704,Residential,"Hospital, University",8,Commercial,15552.0
Plot_423,Tumba,1692,28933200,Agricultural,"Market, University",1,Residential,17100.0
Plot_424,Rukira,1278,18403200,Residential,"School, Market",4,Commercial,14400.0
Plot_425,Huye,941,2823000,Agricultural,"Hospital, University",15,Agricultural,3000.0
Plot_426,Ngoma,440,3168000,Commercial,"School, Hospital",10,Agricultural,7200.0
Plot_427,Tumba,1586,24265800,Commercial,"School, Market",3,Residential,15300.0
Plot_428,Rukira,586,5274000,Residential,"School, Hospital",10,Agricultural,9000.0
Plot_429,Huye,807,5229360,Agricultural,"Market, University",11,Commercial,6480.0
Plot_430,Ngoma,1776,28771200,Commercial,"Market, University",5,Residential,16200.0
Plot_431,Tumba,1343,9669600,Residential,"School, Market",12,Commercial,7200.0
Plot_432,Rukira,1313,17016480,Agricultural,"Market, University",2,Commercial,12960.0
Plot_433,Huye,1381,17400600,Residential,"Market, University",6,Agricultural,12600.0
Plot_434,Ngoma,1048,10186560,Commercial,"School, Market",11,Residential,9720.0
Plot_435,Tumba,438,8869500,Residential,"Market, University",5,Residential,20250.0
Plot_436,Rukira,886,5103360,Commercial,"Market, University",12,Commercial,5760.0
Plot_437,Huye,1611,22966416,Commercial,"School, Hospital",9,Residential,14256.0
Plot_438,Ngoma,1347,10183320,Residential,"Market, University",13,Agricultural,7560.0
Plot_439,Tumba,935,15752880,Commercial,"School, Market",7,Residential,16848.0
Plot_440,Rukira,537,3866400,Agricultural,"Hospital, University",10,Commercial,7200.0
Plot_441,Huye,325,4773600,Commercial,"School, Hospital",3,Agricultural,14688.0
Plot_442,Ngoma,1359,22015800,Commercial,"School, Hospital",5,Residential,16200.0
Plot_443,Tumba,1879,28410480,Residential,"School, Market",6,Commercial,15120.0
Plot_444,Rukira,1758,11391840,Commercial,"Market, University",11,Agricultural,6480.0
Plot_445,Huye,413,2230200,Agricultural,"School, Hospital",14,Residential,5400.0
Plot_446,Ngoma,1475,12234240,Commercial,"Market, University",12,Commercial,8294.4
Plot_447,Tumba,390,6739200,Residential,"Market, University",4,Agricultural,17280.0
Plot_448,Rukira,666,5494500,Residential,"Hospital, University",9,Agricultural,8250.0
Plot_449,Huye,1775,23962500,Agricultural,"Market, University",5,Residential,13500.0
Plot_450,Ngoma,667,7563780,Residential,"Market, University",13,Residential,11340.0
Plot_451,Tumba,1884,23738400,Agricultural,"School, Hospital",6,Residential,12600.0
Plot_452,Rukira,897,3767400,Commercial,"School, Hospital",13,Agricultural,4200.0
Plot_453,Huye,1310,14148000,Residential,"Market, University",12,Residential,10800.0
Plot_454,Ngoma,777,14097888,Commercial,"Market, University",6,Residential,18144.0
Plot_455,Tumba,512,5068800,Residential,"School, Market",9,Agricultural,9900.0
Plot_456,Rukira,1757,22770720,Agricultural,"Market, University",2,Commercial,12960.0
Plot_457,Huye,1238,19253376,Commercial,"Market, University",2,Commercial,15552.0
Plot_458,Ngoma,1512,31026240,Commercial,"School, Hospital",1,Residential,20520.0
Plot_459,Tumba,945,3780000,Agricultural,"School, Hospital",12,Agricultural,4000.0
Plot_460,Rukira,452,10373400,Residential,"Hospital, University",3,Residential,22950.0
Plot_461,Huye,1254,14671800,Agricultural,"Market, University",7,Residential,11700.0
Plot_462,Ngoma,1248,6739200,Agricultural,"School, Hospital",14,Residential,5400.0
Plot_463,Tumba,382,2578500,Residential,"Hospital, University",14,Residential,6750.0
Plot_464,Rukira,1111,18998100,Commercial,"School, Market",1,Residential,17100.0
Plot_465,Huye,1226,7061760,Commercial,"School, Market",12,Agricultural,5760.0
Plot_466,Ngoma,548,14056200,Residential,"Market, University",1,Residential,25650.0
Plot_467,Tumba,1705,16572600,Commercial,"School, Market",11,Residential,9720.0
Plot_468,Rukira,704,7299072,Commercial,"School, Market",8,Agricultural,10368.0
Plot_469,Huye,1244,19033200,Residential,"School, Market",3,Agricultural,15300.0
Plot_470,Ngoma,1699,21662250,Agricultural,"School, Hospital",3,Residential,12750.0
Plot_471,Tumba,1213,20742300,Residential,"Market, University",1,Agricultural,17100.0
Plot_472,Rukira,1281,25940250,Residential,"Market, University",2,Residential,20250.0
Plot_473,Huye,1616,22339584,Commercial,"School, Hospital",4,Commercial,13824.0
Plot_474,Ngoma,1415,9905000,Agricultural,"Hospital, University",6,Agricultural,7000.0
Plot_475,Tumba,953,19761408,Commercial,"Market, University",4,Residential,20736.0
Plot_476,Rukira,1032,17832960,Commercial,"Hospital, University",4,Residential,17280.0
Plot_477,Huye,1392,19042560,Commercial,"Hospital, University",1,Agricultural,13680.0
Plot_478,Ngoma,784,7902720,Commercial,"School, Hospital",6,Commercial,10080.0
Plot_479,Tumba,1454,15703200,Residential,"School, Hospital",10,Commercial,10800.0
Plot_480,Rukira,1304,25349760,Residential,"Hospital, University",2,Commercial,19440.0
Plot_481,Huye,1378,23563800,Agricultural,"School, Hospital",1,Residential,17100.0
Plot_482,Ngoma,1943,26580240,Agricultural,"Hospital, University",1,Commercial,13680.0
Plot_483,Tumba,1377,17845920,Agricultural,"School, Market",2,Commercial,12960.0
Plot_484,Rukira,918,11236320,Agricultural,"Market, University",3,Commercial,12240.0
Plot_485,Huye,656,5195520,Commercial,"Market, University",9,Commercial,7920.0
Plot_486,Ngoma,1074,6444000,Agricultural,"School, Market",12,Residential,6000.0
Plot_487,Tumba,1101,18074016,Commercial,"Hospital, University",1,Commercial,16416.0
Plot_488,Rukira,513,6540750,Agricultural,"School, Hospital",3,Residential,12750.0
Plot_489,Huye,643,2314800,Commercial,"School, Market",15,Agricultural,3600.0
Plot_490,Ngoma,729,5248800,Residential,"School, Market",12,Agricultural,7200.0
Plot_491,Tumba,398,2865600,Agricultural,"Market, University",8,Agricultural,7200.0
Plot_492,Rukira,1019,11445408,Commercial,"Hospital, University",7,Commercial,11232.0
Plot_493,Huye,1224,11566800,Residential,"School, Hospital",13,Residential,9450.0
Plot_494,Ngoma,514,9714600,Residential,"School, Market",6,Residential,18900.0
Plot_495,Tumba,490,2450000,Agricultural,"Hospital, University",10,Agricultural,5000.0
Plot_496,Rukira,1189,30497850,Residential,"Hospital, University",1,Residential,25650.0
Plot_497,Huye,1727,8289600,Commercial,"Hospital, University",12,Agricultural,4800.0
Plot_498,Ngoma,401,3609000,Agricultural,"School, Hospital",10,Residential,9000.0
Plot_499,Tumba,1175,23793750,Residential,"School, Market",5,Residential,20250.0
Plot_500,Rukira,649,10513800,Commercial,"School, Hospital",5,Residential,16200.0
Plot_501,Huye,1264,3792000,Agricultural,"Market, University",15,Commercial,3000.0
Plot_502,Ngoma,678,2542500,Agricultural,"Market, University",15,Residential,3750.0
Plot_503,Tumba,839,6040800,Agricultural,"Market, University",8,Agricultural,7200.0
Plot_504,Rukira,609,5682701,Commercial,"School, Hospital",11,Commercial,9331.2
Plot_505,Huye,1147,15856128,Commercial,"Market, University",4,Commercial,13824.0
Plot_506,Ngoma,1707,10242000,Agricultural,"School, Market",10,Agricultural,6000.0
Plot_507,Tumba,1762,17443800,Residential,"Hospital, University",9,Agricultural,9900.0
Plot_508,Rukira,733,16822350,Residential,"Market, University",3,Residential,22950.0
Plot_509,Huye,1984,24284160,Commercial,"School, Market",3,Commercial,12240.0
Plot_510,Ngoma,1094,12287808,Commercial,"Market, University",7,Commercial,11232.0
Plot_511,Tumba,1910,13752000,Commercial,"Hospital, University",10,Agricultural,7200.0
Plot_512,Rukira,1460,12614400,Commercial,"School, Market",10,Commercial,8640.0
Plot_513,Huye,1396,3490000,Agricultural,"Market, University",15,Agricultural,2500.0
Plot_514,Ngoma,1547,17635800,Agricultural,"Hospital, University",1,Agricultural,11400.0
Plot_515,Tumba,1546,7420800,Commercial,"School, Hospital",12,Agricultural,4800.0
Plot_516,Rukira,400,4320000,Commercial,"School, Hospital",8,Residential,10800.0
Plot_517,Huye,936,4212000,Agricultural,"Hospital, University",14,Residential,4500.0
Plot_518,Ngoma,1823,7656600,Agricultural,"Market, University",13,Commercial,4200.0
Plot_519,Tumba,1622,19464000,Residential,"Market, University",4,Agricultural,12000.0
Plot_520,Rukira,1065,10543500,Residential,"Market, University",9,Agricultural,9900.0
Plot_521,Huye,577,3115800,Commercial,"Hospital, University",15,Residential,5400.0
Plot_522,Ngoma,810,12597120,Residential,"Hospital, University",8,Commercial,15552.0
Plot_523,Tumba,1054,6956400,Agricultural,"School, Market",9,Commercial,6600.0
Plot_524,Rukira,1062,5310000,Agricultural,"Market, University",10,Agricultural,5000.0
Plot_525,Huye,1016,8636000,Agricultural,"School, Market",3,Agricultural,8500.0
Plot_526,Ngoma,401,2598480,Residential,"Hospital, University",14,Commercial,6480.0
Plot_527,Tumba,851,7965360,Commercial,"Hospital, University",7,Agricultural,9360.0
Plot_528,Rukira,1531,22046400,Residential,"School, Hospital",4,Commercial,14400.0
Plot_529,Huye,1071,6426000,Agricultural,"School, Hospital",8,Agricultural,6000.0
Plot_530,Ngoma,1988,22329216,Commercial,"School, Hospital",7,Commercial,11232.0
Plot_531,Tumba,1625,11700000,Commercial,"School, Market",10,Commercial,7200.0
Plot_532,Rukira,430,3225000,Agricultural,"School, Hospital",5,Agricultural,7500.0
Plot_533,Huye,607,3671136,Commercial,"Market, University",13,Commercial,6048.0
Plot_534,Ngoma,1694,12196800,Residential,"School, Hospital",12,Agricultural,7200.0
Plot_535,Tumba,1128,5414400,Agricultural,"Hospital, University",12,Agricultural,4800.0
Plot_536,Rukira,1607,6026250,Agricultural,"Market, University",15,Residential,3750.0
Plot_537,Huye,901,11676960,Residential,"Market, University",8,Commercial,12960.0
Plot_538,Ngoma,1692,9136800,Agricultural,"Hospital, University",11,Agricultural,5400.0
Plot_539,Tumba,1161,8127000,Agricultural,"School, Market",6,Agricultural,7000.0
Plot_540,Rukira,409,4417200,Commercial,"Market, University",10,Residential,10800.0
Plot_541,Huye,1694,16770600,Agricultural,"Hospital, University",9,Residential,9900.0
Plot_542,Ngoma,710,4615000,Agricultural,"Hospital, University",7,Agricultural,6500.0
Plot_543,Tumba,1298,10093248,Agricultural,"School, Market",11,Commercial,7776.0
Plot_544,Rukira,1225,14112000,Agricultural,"School, Market",4,Agricultural,11520.0
Plot_545,Huye,1558,7011000,Agricultural,"Market, University",11,Agricultural,4500.0
Plot_546,Ngoma,309,4588650,Residential,"School, Hospital",9,Residential,14850.0
Plot_547,Tumba,690,8383500,Residential,"School, Hospital",11,Residential,12150.0
Plot_548,Rukira,564,8248500,Residential,"School, Market",7,Residential,14625.0
Plot_549,Huye,895,4296000,Agricultural,"Hospital, University",12,Commercial,4800.0
Plot_550,Ngoma,1303,5472600,Agricultural,"School, Market",13,Agricultural,4200.0
Plot_551,Tumba,759,11148192,Commercial,"Market, University",3,Commercial,14688.0
Plot_552,Rukira,552,3179520,Agricultural,"School, Hospital",12,Commercial,5760.0
Plot_553,Huye,1576,17020800,Residential,"School, Market",10,Commercial,10800.0
Plot_554,Ngoma,1712,30045600,Residential,"Market, University",7,Residential,17550.0
Plot_555,Tumba,1271,15557040,Commercial,"Market, University",3,Agricultural,12240.0
Plot_556,Rukira,1656,32192640,Commercial,"Market, University",5,Residential,19440.0
Plot_557,Huye,541,8764200,Agricultural,"Market, University",2,Residential,16200.0
Plot_558,Ngoma,1893,8177760,Agricultural,"Market, University",14,Commercial,4320.0
Plot_559,Tumba,628,6217200,Residential,"Market, University",9,Commercial,9900.0
Plot_560,Rukira,780,16005600,Residential,"Market, University",1,Commercial,20520.0
Plot_561,Huye,484,7527168,Commercial,"Hospital, University",2,Commercial,15552.0
Plot_562,Ngoma,906,9784800,Agricultural,"School, Market",8,Residential,10800.0
Plot_563,Tumba,1037,13066200,Commercial,"School, Market",6,Residential,12600.0
Plot_564,Rukira,583,4533408,Commercial,"Market, University",11,Agricultural,7776.0
Plot_565,Huye,849,13753800,Commercial,"School, Market",2,Residential,16200.0
Plot_566,Ngoma,1119,8392500,Agricultural,"Hospital, University",5,Agricultural,7500.0
Plot_567,Tumba,571,5920128,Commercial,"Market, University",12,Residential,10368.0
Plot_568,Rukira,1288,8346240,Commercial,"Market, University",11,Commercial,6480.0
Plot_569,Huye,1552,8380800,Residential,"School, Market",14,Agricultural,5400.0
Plot_570,Ngoma,1202,24340500,Residential,"Market, University",2,Residential,20250.0
Plot_571,Tumba,1782,17107200,Commercial,"Hospital, University",4,Agricultural,9600.0
Plot_572,Rukira,1008,6531840,Commercial,"Market, University",11,Commercial,6480.0
Plot_573,Huye,323,1395360,Commercial,"Hospital, University",15,Agricultural,4320.0
Plot_574,Ngoma,1838,18527040,Agricultural,"School, Market",6,Agricultural,10080.0
Plot_575,Tumba,756,6123600,Commercial,"School, Market",11,Residential,8100.0
Plot_576,Rukira,1209,10445760,Commercial,"School, Hospital",8,Agricultural,8640.0
Plot_577,Huye,1318,10248768,Commercial,"Market, University",11,Agricultural,7776.0
Plot_578,Ngoma,1441,28386547,Commercial,"Market, University",1,Commercial,19699.2
Plot_579,Tumba,1640,17712000,Commercial,"Hospital, University",8,Residential,10800.0
Plot_580,Rukira,979,4934160,Commercial,"Market, University",13,Commercial,5040.0
Plot_581,Huye,499,6898176,Commercial,"School, Hospital",4,Agricultural,13824.0
Plot_582,Ngoma,1369,9856800,Agricultural,"Market, University",12,Residential,7200.0
Plot_583,Tumba,1983,9518400,Commercial,"Market, University",12,Agricultural,4800.0
Plot_584,Rukira,684,2565000,Residential,"Hospital, University",15,Agricultural,3750.0
Plot_585,Huye,520,5928000,Agricultural,"Market, University",1,Agricultural,11400.0
Plot_586,Ngoma,575,7866000,Agricultural,"Market, University",1,Commercial,13680.0
Plot_587,Tumba,1899,20509200,Residential,"Market, University",12,Residential,10800.0
Plot_588,Rukira,1541,10170600,Agricultural,"Hospital, University",9,Commercial,6600.0
Plot_589,Huye,1114,12532500,Agricultural,"Market, University",5,Residential,11250.0
Plot_590,Ngoma,1733,13725360,Commercial,"Market, University",9,Commercial,7920.0
Plot_591,Tumba,711,6399000,Residential,"Hospital, University",10,Commercial,9000.0
Plot_592,Rukira,1331,6388800,Commercial,"Market, University",12,Agricultural,4800.0
Plot_593,Huye,1493,8062200,Commercial,"School, Market",11,Agricultural,5400.0
Plot_594,Ngoma,518,7272720,Residential,"School, Market",7,Commercial,14040.0
Plot_595,Tumba,846,14276250,Residential,"School, Hospital",5,Residential,16875.0
Plot_596,Rukira,1843,31515300,Commercial,"Market, University",1,Residential,17100.0
Plot_597,Huye,759,4918320,Commercial,"School, Hospital",11,Commercial,6480.0
Plot_598,Ngoma,1081,12647700,Agricultural,"School, Hospital",7,Residential,11700.0
Plot_599,Tumba,1570,6782400,Agricultural,"Market, University",14,Commercial,4320.0
Plot_600,Rukira,702,10108800,Commercial,"School, Market",4,Residential,14400.0
Plot_601,Huye,655,7781400,Commercial,"Market, University",9,Residential,11880.0
Plot_602,Ngoma,1439,22016700,Agricultural,"School, Hospital",3,Residential,15300.0
Plot_603,Tumba,1753,35971560,Residential,"School, Market",1,Commercial,20520.0
Plot_604,Rukira,1655,11916000,Agricultural,"School, Hospital",8,Commercial,7200.0
Plot_605,Huye,750,7425000,Residential,"Market, University",9,Agricultural,9900.0
Plot_606,Ngoma,1126,17025120,Residential,"School, Hospital",6,Commercial,15120.0
Plot_607,Tumba,1038,12456000,Agricultural,"School, Hospital",4,Residential,12000.0
Plot_608,Rukira,792,6842880,Commercial,"School, Hospital",10,Commercial,8640.0
Plot_609,Huye,1930,28226250,Residential,"Market, University",7,Residential,14625.0
Plot_610,Ngoma,1353,9741600,Commercial,"Hospital, University",8,Agricultural,7200.0
Plot_611,Tumba,1352,26282880,Residential,"School, Market",2,Commercial,19440.0
Plot_612,Rukira,1672,12640320,Commercial,"Hospital, University",13,Residential,7560.0
Plot_613,Huye,1997,7189200,Commercial,"Hospital, University",15,Commercial,3600.0
Plot_614,Ngoma,1240,22498560,Commercial,"School, Market",6,Residential,18144.0
Plot_615,Tumba,1926,12711600,Agricultural,"Market, University",9,Agricultural,6600.0
Plot_616,Rukira,1223,14309100,Commercial,"Market, University",7,Residential,11700.0
Plot_617,Huye,1395,16271280,Residential,"School, Market",11,Commercial,11664.0
Plot_618,Ngoma,1329,14951250,Residential,"Market, University",5,Agricultural,11250.0
Plot_619,Tumba,1109,15171120,Commercial,"Hospital, University",1,Commercial,13680.0
Plot_620,Rukira,1829,6401500,Agricultural,"School, Hospital",13,Agricultural,3500.0
Plot_621,Huye,1433,31571856,Commercial,"Market, University",3,Residential,22032.0
Plot_622,Ngoma,1107,13151160,Commercial,"School, Hospital",9,Residential,11880.0
Plot_623,Tumba,1145,7419600,Commercial,"Hospital, University",14,Residential,6480.0
Plot_624,Rukira,817,15882480,Residential,"Market, University",2,Commercial,19440.0
Plot_625,Huye,449,3636900,Agricultural,"Hospital, University",11,Residential,8100.0
Plot_626,Ngoma,1297,16342200,Agricultural,"School, Hospital",6,Residential,12600.0
Plot_627,Tumba,442,4641000,Residential,"Market, University",6,Agricultural,10500.0
Plot_628,Rukira,1720,17544000,Commercial,"Hospital, University",3,Agricultural,10200.0
Plot_629,Huye,941,7113960,Residential,"School, Hospital",13,Agricultural,7560.0
Plot_630,Ngoma,1691,14204400,Commercial,"School, Hospital",6,Agricultural,8400.0
Plot_631,Tumba,1297,16809120,Commercial,"Hospital, University",2,Agricultural,12960.0
Plot_632,Rukira,702,5054400,Agricultural,"Market, University",12,Residential,7200.0
Plot_633,Huye,1964,21211200,Commercial,"Market, University",10,Residential,10800.0
Plot_634,Ngoma,1413,12208320,Commercial,"Hospital, University",8,Agricultural,8640.0
Plot_635,Tumba,1801,15308500,Agricultural,"School, Hospital",3,Agricultural,8500.0
Plot_636,Rukira,321,3697920,Commercial,"Hospital, University",4,Agricultural,11520.0
Plot_637,Huye,1459,9454320,Commercial,"School, Market",11,Agricultural,6480.0
Plot_638,Ngoma,1859,17846400,Agricultural,"Hospital, University",4,Agricultural,9600.0
Plot_639,Tumba,1669,16523100,Residential,"Market, University",9,Agricultural,9900.0
Plot_640,Rukira,381,5530291,Commercial,"School, Hospital",6,Commercial,14515.2
Plot_641,Huye,1414,14422800,Commercial,"Market, University",3,Agricultural,10200.0
Plot_642,Ngoma,1358,12710880,Agricultural,"School, Hospital",7,Agricultural,9360.0
Plot_643,Tumba,1923,5769000,Agricultural,"Hospital, University",15,Agricultural,3000.0
Plot_644,Rukira,457,3701700,Commercial,"Hospital, University",11,Residential,8100.0
Plot_645,Huye,1041,5996160,Commercial,"School, Hospital",12,Agricultural,5760.0
Plot_646,Ngoma,1286,13333248,Commercial,"Hospital, University",8,Commercial,10368.0
Plot_647,Tumba,345,8849250,Residential,"Market, University",1,Residential,25650.0
Plot_648,Rukira,1472,45308160,Residential,"Market, University",1,Residential,30780.0
Plot_649,Huye,1527,14842440,Commercial,"Hospital, University",11,Residential,9720.0
Plot_650,Ngoma,1542,6939000,Agricultural,"Market, University",14,Residential,4500.0
Plot_651,Tumba,592,3836160,Commercial,"School, Hospital",14,Residential,6480.0
Plot_652,Rukira,1521,19712160,Commercial,"Hospital, University",2,Agricultural,12960.0
Plot_653,Huye,333,3956040,Residential,"School, Market",9,Commercial,11880.0
Plot_654,Ngoma,1274,13759200,Commercial,"Market, University",10,Residential,10800.0
Plot_655,Tumba,1535,7957440,Commercial,"Market, University",14,Commercial,5184.0
Plot_656,Rukira,388,2560800,Commercial,"Market, University",9,Agricultural,6600.0
Plot_657,Huye,1506,8132400,Commercial,"School, Hospital",15,Residential,5400.0
Plot_658,Ngoma,1868,10087200,Residential,"Market, University",15,Commercial,5400.0
Plot_659,Tumba,827,16970040,Residential,"School, Market",1,Commercial,20520.0
Plot_660,Rukira,1640,9840000,Residential,"School, Market",12,Agricultural,6000.0
Plot_661,Huye,1172,8438400,Commercial,"Market, University",10,Commercial,7200.0
Plot_662,Ngoma,1048,9432000,Commercial,"Market, University",5,Agricultural,9000.0
Plot_663,Tumba,1288,13524000,Residential,"Market, University",6,Agricultural,10500.0
Plot_664,Rukira,1885,21172320,Commercial,"Hospital, University",7,Commercial,11232.0
Plot_665,Huye,1903,27951264,Commercial,"Market, University",3,Commercial,14688.0
Plot_666,Ngoma,1940,13968000,Commercial,"School, Market",10,Agricultural,7200.0
Plot_667,Tumba,1986,32173200,Residential,"School, Hospital",8,Residential,16200.0
Plot_668,Rukira,1059,9531000,Residential,"Market, University",10,Agricultural,9000.0
Plot_669,Huye,886,7655040,Commercial,"Market, University",10,Commercial,8640.0
Plot_670,Ngoma,321,2166750,Residential,"Market, University",14,Residential,6750.0
Plot_671,Tumba,1356,15621120,Commercial,"Hospital, University",4,Agricultural,11520.0
Plot_672,Rukira,622,10076400,Residential,"Market, University",5,Commercial,16200.0
Plot_673,Huye,1500,22275000,Residential,"Market, University",9,Residential,14850.0
Plot_674,Ngoma,1787,5361000,Commercial,"Hospital, University",15,Agricultural,3000.0
Plot_675,Tumba,698,1745000,Agricultural,"Hospital, University",15,Agricultural,2500.0
Plot_676,Rukira,1336,13226400,Residential,"School, Market",9,Agricultural,9900.0
Plot_677,Huye,827,2977200,Commercial,"Market, University",14,Agricultural,3600.0
Plot_678,Ngoma,1876,11818800,Residential,"Market, University",13,Commercial,6300.0
Plot_679,Tumba,356,3204000,Agricultural,"Hospital, University",2,Agricultural,9000.0
Plot_680,Rukira,1938,15116400,Agricultural,"School, Hospital",7,Commercial,7800.0
Plot_681,Huye,888,10389600,Residential,"Hospital, University",7,Commercial,11700.0
Plot_682,Ngoma,942,9043200,Agricultural,"Hospital, University",4,Commercial,9600.0
Plot_683,Tumba,1809,39074400,Residential,"Hospital, University",4,Residential,21600.0
Plot_684,Rukira,811,12262320,Commercial,"School, Market",6,Residential,15120.0
Plot_685,Huye,1557,9809100,Residential,"Market, University",13,Agricultural,6300.0
Plot_686,Ngoma,1308,7063200,Commercial,"Market, University",14,Residential,5400.0
Plot_687,Tumba,1114,8421840,Residential,"Market, University",13,Commercial,7560.0
Plot_688,Rukira,1407,13929300,Residential,"Hospital, University",9,Commercial,9900.0
Plot_689,Huye,546,4324320,Commercial,"School, Market",9,Commercial,7920.0
Plot_690,Ngoma,1680,23587200,Residential,"Market, University",7,Agricultural,14040.0
Plot_691,Tumba,683,7376400,Commercial,"Market, University",5,Agricultural,10800.0
Plot_692,Rukira,1049,9441000,Residential,"School, Hospital",8,Agricultural,9000.0
Plot_693,Huye,1120,9676800,Agricultural,"Hospital, University",8,Commercial,8640.0
Plot_694,Ngoma,1776,8951040,Agricultural,"Hospital, University",13,Agricultural,5040.0
Plot_695,Tumba,1938,29651400,Commercial,"Market, University",3,Residential,15300.0
Plot_696,Rukira,575,3795000,Commercial,"School, Hospital",9,Agricultural,6600.0
Plot_697,Huye,1462,25658100,Residential,"Hospital, University",7,Residential,17550.0
Plot_698,Ngoma,1275,13770000,Commercial,"School, Hospital",2,Agricultural,10800.0
Plot_699,Tumba,1447,6511500,Commercial,"Market, University",15,Residential,4500.0
Plot_700,Rukira,1019,8804160,Commercial,"School, Hospital",10,Agricultural,8640.0
Plot_701,Huye,1678,12081600,Commercial,"Market, University",8,Agricultural,7200.0
Plot_702,Ngoma,1249,15287760,Commercial,"Market, University",3,Agricultural,12240.0
Plot_703,Tumba,1128,27410400,Residential,"School, Hospital",2,Residential,24300.0
Plot_704,Rukira,1637,6548000,Agricultural,"Market, University",12,Agricultural,4000.0
Plot_705,Huye,1831,18126900,Commercial,"Hospital, University",9,Residential,9900.0
Plot_706,Ngoma,556,9607680,Commercial,"Hospital, University",4,Residential,17280.0
Plot_707,Tumba,510,10327500,Residential,"Market, University",2,Residential,20250.0
Plot_708,Rukira,1866,37786500,Residential,"Market, University",2,Residential,20250.0
Plot_709,Huye,769,5536800,Residential,"Hospital, University",12,Commercial,7200.0
Plot_710,Ngoma,1378,23563800,Residential,"Market, University",1,Agricultural,17100.0
Plot_711,Tumba,1407,9286200,Agricultural,"Market, University",9,Commercial,6600.0
Plot_712,Rukira,1510,10872000,Commercial,"Market, University",8,Agricultural,7200.0
Plot_713,Huye,765,6885000,Residential,"School, Hospital",8,Agricultural,9000.0
Plot_714,Ngoma,921,15749100,Residential,"Market, University",1,Agricultural,17100.0
Plot_715,Tumba,317,951000,Commercial,"School, Market",15,Agricultural,3000.0
Plot_716,Rukira,1934,13924800,Agricultural,"School, Hospital",10,Commercial,7200.0
Plot_717,Huye,1143,13373100,Commercial,"Market, University",7,Residential,11700.0
Plot_718,Ngoma,751,8110800,Agricultural,"Market, University",2,Commercial,10800.0
Plot_719,Tumba,883,6357600,Commercial,"School, Market",12,Residential,7200.0
Plot_720,Rukira,579,5211000,Agricultural,"Market, University",2,Agricultural,9000.0
Plot_721,Huye,684,9357120,Agricultural,"School, Market",1,Commercial,13680.0
Plot_722,Ngoma,509,5497200,Agricultural,"School, Market",5,Commercial,10800.0
Plot_723,Tumba,484,6897000,Residential,"Market, University",1,Agricultural,14250.0
Plot_724,Rukira,1909,13363000,Agricultural,"School, Market",6,Agricultural,7000.0
Plot_725,Huye,414,1738800,Agricultural,"Market, University",13,Commercial,4200.0
Plot_726,Ngoma,693,3118500,Agricultural,"Hospital, University",14,Residential,4500.0
Plot_727,Tumba,1879,18038400,Agricultural,"School, Market",4,Agricultural,9600.0
Plot_728,Rukira,1663,14967000,Residential,"Hospital, University",8,Agricultural,9000.0
Plot_729,Huye,1825,17344800,Commercial,"School, Hospital",9,Agricultural,9504.0
Plot_730,Ngoma,1038,8407800,Residential,"Market, University",14,Residential,8100.0
Plot_731,Tumba,330,1732500,Residential,"Hospital, University",13,Agricultural,5250.0
Plot_732,Rukira,386,1945440,Commercial,"School, Market",13,Agricultural,5040.0
Plot_733,Huye,622,8397000,Agricultural,"School, Hospital",2,Residential,13500.0
Plot_734,Ngoma,1736,8749440,Commercial,"Hospital, University",13,Agricultural,5040.0
Plot_735,Tumba,1443,7272720,Commercial,"Hospital, University",13,Commercial,5040.0
Plot_736,Rukira,1711,25870320,Agricultural,"Market, University",6,Residential,15120.0
Plot_737,Huye,1444,9530400,Agricultural,"Hospital, University",9,Commercial,6600.0
Plot_738,Ngoma,1012,4857600,Agricultural,"Market, University",12,Commercial,4800.0
Plot_739,Tumba,441,4498200,Commercial,"Market, University",3,Agricultural,10200.0
Plot_740,Rukira,1229,9678375,Residential,"Market, University",13,Residential,7875.0
Plot_741,Huye,1889,21761280,Commercial,"Market, University",4,Commercial,11520.0
Plot_742,Ngoma,688,4458240,Commercial,"School, Hospital",11,Commercial,6480.0
Plot_743,Tumba,1139,13777344,Commercial,"School, Market",6,Commercial,12096.0
Plot_744,Rukira,565,5491800,Residential,"Market, University",14,Residential,9720.0
Plot_745,Huye,502,4518000,Residential,"Market, University",10,Commercial,9000.0
Plot_746,Ngoma,824,15573600,Residential,"Hospital, University",6,Residential,18900.0
Plot_747,Tumba,463,2333520,Agricultural,"Market, University",13,Commercial,5040.0
Plot_748,Rukira,1926,26347680,Commercial,"School, Market",1,Commercial,13680.0
Plot_749,Huye,459,5452920,Residential,"Hospital, University",9,Commercial,11880.0
Plot_750,Ngoma,1089,18817920,Residential,"Market, University",4,Commercial,17280.0
Plot_751,Tumba,1828,11516400,Residential,"Market, University",13,Commercial,6300.0
Plot_752,Rukira,641,7615080,Residential,"Hospital, University",9,Commercial,11880.0
Plot_753,Huye,1528,4584000,Agricultural,"School, Hospital",15,Commercial,3000.0
Plot_754,Ngoma,1144,10707840,Commercial,"Market, University",7,Commercial,9360.0
Plot_755,Tumba,1068,3204000,Commercial,"Market, University",15,Agricultural,3000.0
Plot_756,Rukira,300,4104000,Commercial,"Hospital, University",1,Commercial,13680.0
Plot_757,Huye,313,4507200,Agricultural,"School, Hospital",4,Residential,14400.0
Plot_758,Ngoma,1347,14547600,Commercial,"Market, University",10,Residential,10800.0
Plot_759,Tumba,619,10445625,Residential,"School, Hospital",5,Residential,16875.0
Plot_760,Rukira,488,5481216,Commercial,"School, Hospital",7,Commercial,11232.0
Plot_761,Huye,654,3531600,Agricultural,"Market, University",14,Residential,5400.0
Plot_762,Ngoma,460,1725000,Residential,"Market, University",15,Agricultural,3750.0
Plot_763,Tumba,1877,24325920,Residential,"School, Hospital",12,Residential,12960.0
Plot_764,Rukira,384,3041280,Agricultural,"Hospital, University",9,Commercial,7920.0
Plot_765,Huye,403,2321280,Commercial,"Market, University",12,Commercial,5760.0
Plot_766,Ngoma,484,7078500,Residential,"Hospital, University",7,Residential,14625.0
Plot_767,Tumba,469,2814000,Agricultural,"School, Market",10,Agricultural,6000.0
Plot_768,Rukira,1327,5573400,Agricultural,"Market, University",13,Agricultural,4200.0
Plot_769,Huye,1299,10521900,Agricultural,"School, Market",11,Residential,8100.0
Plot_770,Ngoma,1890,19051200,Agricultural,"Market, University",6,Commercial,10080.0
Plot_771,Tumba,1048,10060800,Agricultural,"School, Market",4,Commercial,9600.0
Plot_772,Rukira,646,3230000,Agricultural,"School, Market",10,Agricultural,5000.0
Plot_773,Huye,708,10704960,Commercial,"School, Market",6,Residential,15120.0
Plot_774,Ngoma,1571,7069500,Residential,"School, Market",14,Agricultural,4500.0
Plot_775,Tumba,1221,13919400,Agricultural,"Market, University",1,Commercial,11400.0
Plot_776,Rukira,717,5678640,Commercial,"Hospital, University",9,Commercial,7920.0
Plot_777,Huye,1071,6940080,Commercial,"School, Market",15,Residential,6480.0
Plot_778,Ngoma,711,4266000,Commercial,"School, Market",10,Agricultural,6000.0
Plot_779,Tumba,1095,17739000,Commercial,"School, Hospital",5,Residential,16200.0
Plot_780,Rukira,773,5101800,Agricultural,"Market, University",9,Agricultural,6600.0
Plot_781,Huye,480,8640000,Residential,"Hospital, University",4,Residential,18000.0
Plot_782,Ngoma,924,8316000,Agricultural,"School, Hospital",8,Residential,9000.0
Plot_783,Tumba,1027,16637400,Commercial,"School, Hospital",5,Residential,16200.0
Plot_784,Rukira,1968,24354000,Residential,"School, Hospital",9,Residential,12375.0
Plot_785,Huye,1645,22207500,Residential,"Hospital, University",2,Agricultural,13500.0
Plot_786,Ngoma,612,5508000,Agricultural,"Hospital, University",5,Commercial,9000.0
Plot_787,Tumba,1636,14724000,Residential,"Market, University",10,Agricultural,9000.0
Plot_788,Rukira,1180,14337000,Residential,"Market, University",11,Residential,12150.0
Plot_789,Huye,1773,27126900,Residential,"School, Market",3,Commercial,15300.0
Plot_790,Ngoma,1147,12903750,Agricultural,"Hospital, University",5,Residential,11250.0
Plot_791,Tumba,569,11675880,Residential,"Hospital, University",1,Commercial,20520.0
Plot_792,Rukira,1707,32262300,Residential,"Market, University",6,Residential,18900.0
Plot_793,Huye,1260,6804000,Commercial,"Market, University",11,Agricultural,5400.0
Plot_794,Ngoma,581,8366400,Residential,"School, Market",4,Agricultural,14400.0
Plot_795,Tumba,1145,12366000,Residential,"Hospital, University",12,Residential,10800.0
Plot_796,Rukira,1563,9378000,Agricultural,"Market, University",12,Residential,6000.0
Plot_797,Huye,1889,14167500,Residential,"Market, University",10,Agricultural,7500.0
Plot_798,Ngoma,1516,12006720,Commercial,"Market, University",9,Agricultural,7920.0
Plot_799,Tumba,803,7631712,Commercial,"Market, University",9,Commercial,9504.0
Plot_800,Rukira,1867,25540560,Commercial,"Market, University",1,Agricultural,13680.0
Plot_801,Huye,1884,13564800,Agricultural,"Market, University",8,Agricultural,7200.0
Plot_802,Ngoma,1713,8880192,Commercial,"Market, University",15,Commercial,5184.0
Plot_803,Tumba,1779,27667008,Commercial,"Market, University",2,Agricultural,15552.0
Plot_804,Rukira,1223,15593250,Residential,"School, Market",3,Agricultural,12750.0
Plot_805,Huye,963,9360360,Commercial,"School, Market",11,Residential,9720.0
Plot_806,Ngoma,1598,14382000,Agricultural,"Market, University",2,Agricultural,9000.0
Plot_807,Tumba,389,2188125,Residential,"Hospital, University",15,Residential,5625.0
Plot_808,Rukira,1875,21375000,Commercial,"Market, University",1,Agricultural,11400.0
Plot_809,Huye,1582,38442600,Residential,"Market, University",2,Residential,24300.0
Plot_810,Ngoma,325,2340000,Agricultural,"Market, University",8,Commercial,7200.0
Plot_811,Tumba,744,4017600,Commercial,"Market, University",11,Agricultural,5400.0
Plot_812,Rukira,1531,30159475,Commercial,"Market, University",1,Commercial,19699.2
Plot_813,Huye,400,9180000,Residential,"Hospital, University",3,Residential,22950.0
Plot_814,Ngoma,1666,10795680,Commercial,"School, Market",14,Residential,6480.0
Plot_815,Tumba,1153,17640900,Residential,"Market, University",3,Agricultural,15300.0
Plot_816,Rukira,373,1958250,Residential,"Market, University",13,Agricultural,5250.0
Plot_817,Huye,1853,8004960,Agricultural,"Hospital, University",14,Agricultural,4320.0
Plot_818,Ngoma,1722,17357760,Agricultural,"Hospital, University",6,Commercial,10080.0
Plot_819,Tumba,419,4525200,Residential,"Market, University",10,Commercial,10800.0
Plot_820,Rukira,1174,5071680,Commercial,"Market, University",14,Commercial,4320.0
Plot_821,Huye,1024,7680000,Residential,"Hospital, University",10,Agricultural,7500.0
Plot_822,Ngoma,776,12571200,Commercial,"School, Market",5,Residential,16200.0
Plot_823,Tumba,1580,11376000,Residential,"School, Market",12,Agricultural,7200.0
Plot_824,Rukira,1016,6144768,Commercial,"Hospital, University",13,Commercial,6048.0
Plot_825,Huye,821,13854375,Residential,"School, Market",5,Residential,16875.0
Plot_826,Ngoma,999,7192800,Agricultural,"School, Hospital",12,Residential,7200.0
Plot_827,Tumba,1677,5031000,Agricultural,"Hospital, University",15,Commercial,3000.0
Plot_828,Rukira,618,4449600,Commercial,"School, Market",8,Agricultural,7200.0
Plot_829,Huye,913,6573600,Commercial,"Market, University",12,Residential,7200.0
Plot_830,Ngoma,1937,31379400,Agricultural,"School, Hospital",2,Residential,16200.0
Plot_831,Tumba,1583,10257840,Commercial,"Market, University",14,Residential,6480.0
Plot_832,Rukira,1902,9129600,Agricultural,"Market, University",12,Agricultural,4800.0
Plot_833,Huye,1317,24891300,Residential,"Market, University",6,Residential,18900.0
Plot_834,Ngoma,658,12436200,Residential,"Market, University",6,Residential,18900.0
Plot_835,Tumba,351,1053000,Agricultural,"Market, University",15,Agricultural,3000.0
Plot_836,Rukira,935,14305500,Agricultural,"School, Market",3,Residential,15300.0
Plot_837,Huye,1093,4721760,Commercial,"School, Market",14,Agricultural,4320.0
Plot_838,Ngoma,478,4129920,Agricultural,"School, Hospital",8,Commercial,8640.0
Plot_839,Tumba,1482,14405040,Agricultural,"Hospital, University",11,Residential,9720.0
Plot_840,Rukira,866,7274400,Commercial,"Hospital, University",6,Agricultural,8400.0
Plot_841,Huye,860,17647200,Residential,"School, Hospital",1,Commercial,20520.0
Plot_842,Ngoma,952,12138000,Agricultural,"School, Market",3,Residential,12750.0
Plot_843,Tumba,1555,12828750,Agricultural,"School, Market",9,Residential,8250.0
Plot_844,Rukira,1683,34080750,Residential,"Market, University",2,Residential,20250.0
Plot_845,Huye,666,3996000,Commercial,"School, Hospital",10,Agricultural,6000.0
Plot_846,Ngoma,1760,10644480,Commercial,"Hospital, University",13,Commercial,6048.0
Plot_847,Tumba,1964,20362752,Commercial,"Market, University",8,Agricultural,10368.0
Plot_848,Rukira,774,9868500,Residential,"Hospital, University",3,Agricultural,12750.0
Plot_849,Huye,1915,17235000,Agricultural,"Market, University",8,Residential,9000.0
Plot_850,Ngoma,1019,8804160,Agricultural,"Market, University",8,Agricultural,8640.0
Plot_851,Tumba,560,6048000,Commercial,"Market, University",2,Agricultural,10800.0
Plot_852,Rukira,1922,15222240,Agricultural,"Market, University",9,Commercial,7920.0
Plot_853,Huye,1571,15552900,Residential,"School, Market",9,Agricultural,9900.0
Plot_854,Ngoma,726,5227200,Commercial,"School, Hospital",10,Commercial,7200.0
Plot_855,Tumba,1721,39496950,Residential,"Market, University",3,Residential,22950.0
Plot_856,Rukira,1248,12355200,Agricultural,"School, Hospital",9,Residential,9900.0
Plot_857,Huye,442,4773600,Commercial,"School, Market",2,Agricultural,10800.0
Plot_858,Ngoma,745,4827600,Residential,"Hospital, University",15,Commercial,6480.0
Plot_859,Tumba,1388,13533000,Agricultural,"School, Hospital",7,Residential,9750.0
Plot_860,Rukira,1467,19804500,Commercial,"Market, University",5,Residential,13500.0
Plot_861,Huye,1552,26148096,Commercial,"School, Hospital",7,Residential,16848.0
Plot_862,Ngoma,408,2448000,Residential,"School, Market",12,Agricultural,6000.0
Plot_863,Tumba,1184,8524800,Commercial,"Market, University",10,Commercial,7200.0
Plot_864,Rukira,1081,7134600,Agricultural,"Hospital, University",9,Agricultural,6600.0
Plot_865,Huye,1437,6466500,Agricultural,"School, Hospital",14,Residential,4500.0
Plot_866,Ngoma,575,11178000,Residential,"Market, University",2,Commercial,19440.0
Plot_867,Tumba,578,8843400,Residential,"Market, University",3,Commercial,15300.0
Plot_868,Rukira,1576,14184000,Residential,"School, Hospital",8,Agricultural,9000.0
Plot_869,Huye,680,4896000,Agricultural,"Hospital, University",10,Commercial,7200.0
Plot_870,Ngoma,851,3191250,Agricultural,"Market, University",15,Residential,3750.0
Plot_871,Tumba,1743,23530500,Agricultural,"Market, University",2,Residential,13500.0
Plot_872,Rukira,1252,16225920,Commercial,"School, Market",2,Agricultural,12960.0
Plot_873,Huye,1934,25064640,Commercial,"School, Market",5,Commercial,12960.0
Plot_874,Ngoma,1229,3687000,Commercial,"School, Hospital",15,Agricultural,3000.0
Plot_875,Tumba,892,19066500,Residential,"Market, University",1,Residential,21375.0
Plot_876,Rukira,646,7364400,Commercial,"Market, University",1,Agricultural,11400.0
Plot_877,Huye,559,10866960,Commercial,"Market, University",2,Residential,19440.0
Plot_878,Ngoma,863,11805840,Agricultural,"Hospital, University",1,Commercial,13680.0
Plot_879,Tumba,1057,21404250,Residential,"Market, University",5,Residential,20250.0
Plot_880,Rukira,1002,18396720,Residential,"Market, University",3,Agricultural,18360.0
Plot_881,Huye,1653,9521280,Agricultural,"School, Hospital",12,Commercial,5760.0
Plot_882,Ngoma,1615,12209400,Agricultural,"Market, University",13,Residential,7560.0
Plot_883,Tumba,1275,11016000,Agricultural,"Market, University",8,Commercial,8640.0
Plot_884,Rukira,837,6905250,Residential,"Market, University",9,Agricultural,8250.0
Plot_885,Huye,1689,13376880,Agricultural,"School, Hospital",9,Commercial,7920.0
Plot_886,Ngoma,1550,5580000,Commercial,"School, Hospital",14,Agricultural,3600.0
Plot_887,Tumba,822,7102080,Commercial,"Hospital, University",10,Commercial,8640.0
Plot_888,Rukira,1877,15485250,Residential,"Market, University",9,Agricultural,8250.0
Plot_889,Huye,1677,10866960,Residential,"School, Market",14,Agricultural,6480.0
Plot_890,Ngoma,512,4423680,Commercial,"School, Hospital",8,Commercial,8640.0
Plot_891,Tumba,695,14261400,Residential,"Hospital, University",1,Commercial,20520.0
Plot_892,Rukira,1606,13875840,Residential,"Hospital, University",12,Commercial,8640.0
Plot_893,Huye,1644,14204160,Commercial,"Hospital, University",10,Commercial,8640.0
Plot_894,Ngoma,903,4876200,Agricultural,"Market, University",11,Agricultural,5400.0
Plot_895,Tumba,827,7815150,Residential,"Market, University",13,Residential,9450.0
Plot_896,Rukira,981,11036250,Residential,"School, Market",5,Agricultural,11250.0
Plot_897,Huye,710,9968400,Commercial,"Hospital, University",7,Residential,14040.0
Plot_898,Ngoma,1874,21588480,Agricultural,"School, Hospital",4,Commercial,11520.0
Plot_899,Tumba,371,9015300,Residential,"Market, University",2,Residential,24300.0
Plot_900,Rukira,1637,22394160,Commercial,"Hospital, University",1,Agricultural,13680.0
Plot_901,Huye,1101,12551400,Commercial,"Market, University",1,Agricultural,11400.0
Plot_902,Ngoma,1406,36063900,Residential,"Market, University",1,Residential,25650.0
Plot_903,Tumba,1035,6986250,Agricultural,"School, Market",11,Residential,6750.0
Plot_904,Rukira,1394,15055200,Agricultural,"Hospital, University",2,Commercial,10800.0
Plot_905,Huye,1435,20147400,Residential,"Market, University",7,Commercial,14040.0
Plot_906,Ngoma,1591,19244736,Commercial,"Market, University",6,Commercial,12096.0
Plot_907,Tumba,586,8438400,Residential,"Market, University",4,Agricultural,14400.0
Plot_908,Rukira,1923,14953248,Commercial,"Market, University",11,Commercial,7776.0
Plot_909,Huye,375,4275000,Agricultural,"School, Market",1,Agricultural,11400.0
Plot_910,Ngoma,1952,12648960,Commercial,"Market, University",11,Commercial,6480.0
Plot_911,Tumba,447,3862080,Residential,"School, Market",12,Commercial,8640.0
Plot_912,Rukira,1566,33825600,Residential,"School, Market",4,Residential,21600.0
Plot_913,Huye,1980,32076000,Residential,"School, Market",8,Residential,16200.0
Plot_914,Ngoma,1518,17487360,Commercial,"School, Hospital",4,Agricultural,11520.0
Plot_915,Tumba,964,11712600,Residential,"School, Market",11,Residential,12150.0
Plot_916,Rukira,655,10611000,Agricultural,"Market, University",2,Residential,16200.0
Plot_917,Huye,1726,17087400,Agricultural,"Market, University",9,Residential,9900.0
Plot_918,Ngoma,573,5414850,Residential,"Market, University",13,Residential,9450.0
Plot_919,Tumba,313,5746680,Residential,"Market, University",3,Agricultural,18360.0
Plot_920,Rukira,722,4873500,Residential,"Hospital, University",11,Agricultural,6750.0
Plot_921,Huye,1550,25444800,Commercial,"School, Market",1,Commercial,16416.0
Plot_922,Ngoma,1012,17305200,Agricultural,"Market, University",1,Residential,17100.0
Plot_923,Tumba,1567,8123328,Agricultural,"Hospital, University",14,Commercial,5184.0
Plot_924,Rukira,408,6609600,Residential,"Hospital, University",2,Agricultural,16200.0
Plot_925,Huye,1672,35739000,Residential,"Market, University",1,Residential,21375.0
Plot_926,Ngoma,984,6199200,Commercial,"School, Market",13,Residential,6300.0
Plot_927,Tumba,660,4989600,Residential,"School, Market",13,Commercial,7560.0
Plot_928,Rukira,781,10121760,Commercial,"School, Hospital",8,Residential,12960.0
Plot_929,Huye,1895,35815500,Residential,"Market, University",6,Residential,18900.0
Plot_930,Ngoma,1069,21647250,Residential,"Market, University",2,Residential,20250.0
Plot_931,Tumba,742,6410880,Commercial,"Hospital, University",8,Agricultural,8640.0
Plot_932,Rukira,1774,17961750,Residential,"School, Hospital",11,Residential,10125.0
Plot_933,Huye,365,3942000,Commercial,"School, Market",10,Residential,10800.0
Plot_934,Ngoma,1239,10531500,Agricultural,"Market, University",3,Agricultural,8500.0
Plot_935,Tumba,1916,20692800,Commercial,"Market, University",10,Residential,10800.0
Plot_936,Rukira,1301,9757500,Residential,"School, Market",10,Agricultural,7500.0
Plot_937,Huye,1807,26020800,Residential,"Hospital, University",4,Commercial,14400.0
Plot_938,Ngoma,605,3267000,Commercial,"School, Market",15,Residential,5400.0
Plot_939,Tumba,1802,20542800,Commercial,"School, Market",1,Agricultural,11400.0
Plot_940,Rukira,1314,31930200,Residential,"Hospital, University",2,Residential,24300.0
Plot_941,Huye,905,7330500,Residential,"School, Hospital",11,Agricultural,8100.0
Plot_942,Ngoma,1740,6264000,Agricultural,"Hospital, University",14,Agricultural,3600.0
Plot_943,Tumba,678,3661200,Agricultural,"School, Market",11,Commercial,5400.0
Plot_944,Rukira,1714,11312400,Agricultural,"School, Hospital",9,Agricultural,6600.0
Plot_945,Huye,1410,8527680,Commercial,"School, Hospital",13,Commercial,6048.0
Plot_946,Ngoma,1354,16377984,Commercial,"School, Hospital",6,Agricultural,12096.0
Plot_947,Tumba,1567,19744200,Residential,"Market, University",6,Commercial,12600.0
Plot_948,Rukira,1448,8757504,Commercial,"Hospital, University",13,Agricultural,6048.0
Plot_949,Huye,532,4596480,Commercial,"School, Hospital",8,Agricultural,8640.0
Plot_950,Ngoma,1331,15572700,Commercial,"School, Hospital",7,Residential,11700.0
Plot_951,Tumba,1226,9709920,Agricultural,"Market, University",9,Commercial,7920.0
Plot_952,Rukira,898,6735000,Agricultural,"Market, University",10,Residential,7500.0
Plot_953,Huye,464,2505600,Agricultural,"School, Market",15,Residential,5400.0
Plot_954,Ngoma,865,9342000,Residential,"Hospital, University",12,Residential,10800.0
Plot_955,Tumba,1584,17820000,Residential,"School, Hospital",5,Agricultural,11250.0
Plot_956,Rukira,1209,11751480,Commercial,"School, Market",11,Residential,9720.0
Plot_957,Huye,1942,12584160,Residential,"School, Hospital",14,Commercial,6480.0
Plot_958,Ngoma,1295,6993000,Commercial,"Market, University",11,Agricultural,5400.0
Plot_959,Tumba,1916,16286000,Agricultural,"School, Hospital",3,Agricultural,8500.0
Plot_960,Rukira,1876,23919000,Residential,"Hospital, University",3,Agricultural,12750.0
Plot_961,Huye,629,6227100,Commercial,"Hospital, University",9,Residential,9900.0
Plot_962,Ngoma,787,11214750,Residential,"School, Hospital",1,Agricultural,14250.0
Plot_963,Tumba,677,6702300,Residential,"Hospital, University",9,Agricultural,9900.0
Plot_964,Rukira,1218,18635400,Commercial,"Market, University",3,Residential,15300.0
Plot_965,Huye,1873,25285500,Residential,"Market, University",8,Residential,13500.0
Plot_966,Ngoma,978,4694400,Commercial,"Market, University",12,Agricultural,4800.0
Plot_967,Tumba,1937,11157120,Commercial,"School, Market",12,Commercial,5760.0
Plot_968,Rukira,382,4641300,Residential,"Market, University",11,Residential,12150.0
Plot_969,Huye,751,9462600,Agricultural,"Market, University",6,Residential,12600.0
Plot_970,Ngoma,1494,21513600,Commercial,"School, Market",4,Residential,14400.0
Plot_971,Tumba,1212,11780640,Commercial,"Market, University",11,Residential,9720.0
Plot_972,Rukira,1535,12157200,Commercial,"Hospital, University",9,Agricultural,7920.0
Plot_973,Huye,1057,8878800,Agricultural,"School, Hospital",6,Agricultural,8400.0
Plot_974,Ngoma,1212,18849024,Commercial,"Market, University",2,Commercial,15552.0
Plot_975,Tumba,891,7016625,Residential,"Market, University",13,Residential,7875.0
Plot_976,Rukira,476,6854400,Residential,"School, Hospital",4,Commercial,14400.0
Plot_977,Huye,1509,23467968,Agricultural,"School, Hospital",2,Commercial,15552.0
Plot_978,Ngoma,658,8527680,Commercial,"Market, University",8,Residential,12960.0
Plot_979,Tumba,1434,13623000,Agricultural,"Market, University",1,Agricultural,9500.0
Plot_980,Rukira,759,4781700,Residential,"School, Hospital",13,Agricultural,6300.0
Plot_981,Huye,554,4487400,Commercial,"Market, University",11,Residential,8100.0
Plot_982,Ngoma,358,2819250,Residential,"Market, University",13,Residential,7875.0
Plot_983,Tumba,1490,8940000,Agricultural,"Market, University",10,Commercial,6000.0
Plot_984,Rukira,1064,11031552,Commercial,"Market, University",12,Residential,10368.0
Plot_985,Huye,599,7763040,Agricultural,"School, Market",8,Residential,12960.0
Plot_986,Ngoma,1039,4675500,Agricultural,"School, Hospital",11,Agricultural,4500.0
Plot_987,Tumba,1608,23878800,Residential,"Market, University",9,Residential,14850.0
Plot_988,Rukira,1413,4239000,Agricultural,"School, Hospital",14,Agricultural,3000.0
Plot_989,Huye,1394,25292736,Commercial,"Market, University",6,Residential,18144.0
Plot_990,Ngoma,1063,10364250,Agricultural,"Hospital, University",7,Residential,9750.0
Plot_991,Tumba,1330,7182000,Residential,"Market, University",14,Agricultural,5400.0
Plot_992,Rukira,538,2905200,Residential,"School, Hospital",15,Agricultural,5400.0
Plot_993,Huye,584,1752000,Agricultural,"School, Hospital",15,Commercial,3000.0
Plot_994,Ngoma,1824,37822464,Residential,"Hospital, University",4,Commercial,20736.0
Plot_995,Tumba,556,10208160,Residential,"School, Market",3,Commercial,18360.0
Plot_996,Rukira,338,2129400,Agricultural,"School, Market",13,Residential,6300.0
Plot_997,Huye,1924,27428544,Commercial,"School, Hospital",9,Residential,14256.0
Plot_998,Ngoma,435,4228200,Agricultural,"Market, University",11,Residential,9720.0
Plot_999,Tumba,1503,28744875,Residential,"Hospital, University",3,Residential,19125.0
Plot_1000,Rukira,1487,14988960,Agricultural,"Market, University",6,Commercial,10080.0
